expiration,strike,type_call,last_call,mark_call,bid_call,bid_size_call,ask_call,ask_size_call,volume_call,open_interest_call,date_call,implied_volatility_call,delta_call,gamma_call,theta_call,vega_call,rho_call,week_call,type_put,last_put,mark_put,bid_put,bid_size_put,ask_put,ask_size_put,volume_put,open_interest_put,date_put,implied_volatility_put,delta_put,gamma_put,theta_put,vega_put,rho_put,week_put,open_interest_diff
2020-02-21,314.0,call,19.43,19.63,19.48,5,19.79,5,34,9339,2020-02-21,0.62515,0.96835,0.00652,-0.40117,0.01241,0.00831,2020-02-15/2020-02-21,put,0.01,0.01,0.0,0,0.01,2868,1603,0,2020-02-21,0.43827,-0.00418,0.00161,-0.04708,0.00215,-4e-05,2020-02-15/2020-02-21,0.7934843950009393
2020-02-21,315.0,call,18.7,18.61,18.48,5,18.74,5,150,17357,2020-02-21,0.5814,0.97062,0.00659,-0.35253,0.01167,0.00836,2020-02-15/2020-02-21,put,0.01,0.01,0.0,0,0.01,2065,0,0,2020-02-21,0.41738,-0.00437,0.00176,-0.0466,0.00224,-4e-05,2020-02-15/2020-02-21,1.5061557892059863
2020-02-21,316.0,call,17.34,17.63,17.48,5,17.78,5,84,10858,2020-02-21,0.57012,0.96567,0.00764,-0.39165,0.01328,0.00834,2020-02-15/2020-02-21,put,0.01,0.01,0.0,0,0.01,2764,0,0,2020-02-21,0.39665,-0.00458,0.00193,-0.04626,0.00234,-4e-05,2020-02-15/2020-02-21,0.9284990929053376
2020-02-21,317.0,call,16.72,16.63,16.48,5,16.79,5,61,9988,2020-02-21,0.54238,0.96414,0.00833,-0.3863,0.01376,0.00835,2020-02-15/2020-02-21,put,0.01,0.01,0.0,0,0.01,5551,0,0,2020-02-21,0.37577,-0.00482,0.00213,-0.04579,0.00244,-4e-05,2020-02-15/2020-02-21,0.8511700690891253
2020-02-21,318.0,call,15.69,15.63,15.48,5,15.79,5,73,11797,2020-02-21,0.51464,0.96243,0.00912,-0.38101,0.01429,0.00836,2020-02-15/2020-02-21,put,0.01,0.01,0.0,0,0.01,1244,3454,0,2020-02-21,0.35488,-0.00508,0.00237,-0.04534,0.00256,-5e-05,2020-02-15/2020-02-21,1.0119611082655944
2020-02-21,319.0,call,14.69,14.63,14.48,5,14.79,5,41,14560,2020-02-21,0.48659,0.96057,0.01003,-0.37491,0.01487,0.00838,2020-02-15/2020-02-21,put,0.01,0.01,0.0,0,0.01,1244,4435,0,2020-02-21,0.33385,-0.00536,0.00264,-0.04475,0.00269,-5e-05,2020-02-15/2020-02-21,1.2575474218336344
2020-02-21,320.0,call,13.56,13.63,13.48,5,13.79,5,554,26548,2020-02-21,0.45854,0.95845,0.0111,-0.36892,0.01551,0.00838,2020-02-15/2020-02-21,put,0.01,0.01,0.0,0,0.01,1304,7511,0,2020-02-21,0.31281,-0.00569,0.00297,-0.04419,0.00283,-5e-05,2020-02-15/2020-02-21,2.3230880396597886
2020-02-21,321.0,call,12.53,12.63,12.49,5,12.78,5,161,15907,2020-02-21,0.43019,0.9561,0.01237,-0.36213,0.01622,0.00839,2020-02-15/2020-02-21,put,0.01,0.01,0.0,0,0.01,1289,3730,0,2020-02-21,0.29178,-0.00607,0.00337,-0.04367,0.003,-6e-05,2020-02-15/2020-02-21,1.3772740828456322
2020-02-21,322.0,call,11.68,11.63,11.48,5,11.79,5,522,13068,2020-02-21,0.40168,0.9534,0.0139,-0.35502,0.01702,0.00839,2020-02-15/2020-02-21,put,0.02,0.01,0.0,0,0.01,1898,1837,80404,2020-02-21,0.27059,-0.0065,0.00387,-0.04303,0.00319,-6e-05,2020-02-15/2020-02-21,-6.021691353399157
2020-02-21,323.0,call,10.71,10.64,10.5,5,10.79,5,289,19740,2020-02-21,0.37836,0.94785,0.01615,-0.36537,0.01861,0.00837,2020-02-15/2020-02-21,put,0.01,0.01,0.0,0,0.01,1244,3334,0,2020-02-21,0.24925,-0.007,0.00448,-0.04228,0.0034,-6e-05,2020-02-15/2020-02-21,1.7179662073140713
2020-02-21,324.0,call,9.64,9.63,9.48,5,9.79,5,838,18449,2020-02-21,0.34391,0.94668,0.01808,-0.33903,0.01895,0.00839,2020-02-15/2020-02-21,put,0.02,0.01,0.0,0,0.01,2870,16871,40124,2020-02-21,0.22791,-0.00761,0.00527,-0.04161,0.00366,-7e-05,2020-02-15/2020-02-21,-1.9631619781439
2020-02-21,325.0,call,8.85,8.66,8.54,560,8.79,5,1480,29528,2020-02-21,0.32867,0.93427,0.02229,-0.37997,0.02232,0.0083,2020-02-15/2020-02-21,put,0.01,0.01,0.0,0,0.01,1243,6876,95798,2020-02-21,0.20641,-0.00834,0.00631,-0.04086,0.00397,-8e-05,2020-02-15/2020-02-21,-5.926941078240441
2020-02-21,326.0,call,7.72,7.67,7.56,5,7.79,5,288,24621,2020-02-21,0.30214,0.92578,0.02663,-0.38333,0.02451,0.00825,2020-02-15/2020-02-21,put,0.01,0.01,0.0,0,0.01,2717,18404,0,2020-02-21,0.18461,-0.00921,0.0077,-0.03984,0.00433,-8e-05,2020-02-15/2020-02-21,2.151808696103649
2020-02-21,327.0,call,6.71,6.63,6.48,5,6.78,560,397,19657,2020-02-21,0.25443,0.93101,0.0299,-0.30798,0.02318,0.00832,2020-02-15/2020-02-21,put,0.01,0.01,0.0,0,0.01,2566,12805,43333,2020-02-21,0.16266,-0.01033,0.00966,-0.03878,0.00479,-9e-05,2020-02-15/2020-02-21,-2.1410187329211885
2020-02-21,327.5,call,6.19,6.13,5.98,5,6.29,5,30,4218,2020-02-21,0.23903,0.9273,0.03313,-0.30149,0.02413,0.0083,2020-02-15/2020-02-21,put,0.01,0.01,0.01,2340,0.02,5574,3588,13657,2020-02-21,0.15154,-0.01099,0.01094,-0.03811,0.00505,-0.0001,2020-02-15/2020-02-21,-0.8755781443333548
2020-02-21,328.0,call,4.84,5.63,5.48,5,5.78,5,734,38223,2020-02-21,0.22349,0.92307,0.037,-0.29459,0.02519,0.00828,2020-02-15/2020-02-21,put,0.01,0.01,0.01,2339,0.02,4798,10374,53903,2020-02-21,0.14041,-0.01178,0.01254,-0.03751,0.00537,-0.00011,2020-02-15/2020-02-21,-1.4303027852954022
2020-02-21,329.0,call,4.41,4.69,4.59,5,4.78,5,1346,15105,2020-02-21,0.21175,0.89061,0.05067,-0.35878,0.03269,0.00801,2020-02-15/2020-02-21,put,0.01,0.01,0.01,2285,0.02,4715,5717,23684,2020-02-21,0.11785,-0.01381,0.01714,-0.03607,0.00615,-0.00013,2020-02-15/2020-02-21,-0.7991379598713517
2020-02-21,330.0,call,3.66,3.6,3.48,33,3.73,5,23046,102133,2020-02-21,0.14894,0.91229,0.06127,-0.22009,0.02781,0.00824,2020-02-15/2020-02-21,put,0.01,0.01,0.01,2021,0.02,4466,179906,137869,2020-02-21,0.09483,-0.01681,0.02523,-0.03431,0.00729,-0.00015,2020-02-15/2020-02-21,-3.2129589940976495
2020-02-21,332.0,call,1.68,1.65,1.63,10,1.67,5,31704,61609,2020-02-21,0.09285,0.82292,0.16025,-0.22226,0.04533,0.00747,2020-02-15/2020-02-21,put,0.02,0.01,0.01,6554,0.02,1123,180021,78187,2020-02-21,0.0462,-0.03156,0.08799,-0.02816,0.01239,-0.00029,2020-02-15/2020-02-21,-1.5101205593034006
2020-02-21,335.5,call,0.01,0.01,0.0,0,0.01,5498,17094,0,2020-02-21,0.0587,0.0256,0.05818,-0.03091,0.01041,0.00023,2020-02-15/2020-02-21,put,1.9,1.87,1.85,5,1.89,10,7871,5011,2020-02-21,0.04861,-1.0,0.0,0.01452,0.0,-0.00919,2020-02-15/2020-02-21,-0.48200007828946
2020-02-21,336.0,call,0.01,0.01,0.0,0,0.01,3721,36115,0,2020-02-21,0.07075,0.02172,0.04204,-0.03237,0.00906,0.0002,2020-02-15/2020-02-21,put,2.38,2.37,2.35,5,2.39,10,22121,23310,2020-02-21,0.06064,-1.0,0.0,0.01454,0.0,-0.00921,2020-02-15/2020-02-21,-2.108487212557127
2020-02-21,337.0,call,0.01,0.01,0.0,0,0.01,4134,17804,0,2020-02-21,0.09407,0.01695,0.02561,-0.03477,0.00734,0.00015,2020-02-15/2020-02-21,put,3.33,3.37,3.34,151,3.39,10,16561,19977,2020-02-21,0.08471,-1.0,0.0,0.01459,0.0,-0.00923,2020-02-15/2020-02-21,-1.8122370557991545
2020-02-21,337.5,call,0.01,0.01,0.0,0,0.01,4116,419,19275,2020-02-21,0.10535,0.01529,0.02094,-0.03562,0.00672,0.00014,2020-02-15/2020-02-21,put,4.1,3.84,3.79,5,3.9,50,3454,6669,2020-02-21,0.09674,-1.0,0.0,0.01461,0.0,-0.00925,2020-02-15/2020-02-21,1.0838682120211298
2020-02-21,338.0,call,0.01,0.01,0.0,0,0.01,5850,9046,0,2020-02-21,0.11648,0.01397,0.01752,-0.03641,0.00622,0.00013,2020-02-15/2020-02-21,put,4.27,4.34,4.27,5,4.41,5,11843,22508,2020-02-21,0.10877,-1.0,0.0,0.01463,0.0,-0.00926,2020-02-15/2020-02-21,-2.037202296349538
2020-02-21,339.0,call,0.01,0.01,0.0,0,0.01,6669,155,0,2020-02-21,0.13843,0.01203,0.01295,-0.03798,0.00546,0.00011,2020-02-15/2020-02-21,put,5.31,5.38,5.23,540,5.52,5,3459,9183,2020-02-21,0.13284,-1.0,0.0,0.01467,0.0,-0.00929,2020-02-15/2020-02-21,-0.8528238568655957
2020-02-21,340.0,call,0.01,0.01,0.0,0,0.01,8342,5943,0,2020-02-21,0.15977,0.01055,0.01002,-0.03911,0.00488,0.0001,2020-02-15/2020-02-21,put,6.53,6.37,6.22,11,6.52,5,4819,11778,2020-02-21,0.1569,-1.0,0.0,0.01472,0.0,-0.00931,2020-02-15/2020-02-21,-1.0834776692829189
2020-02-21,343.0,call,0.01,0.01,0.0,0,0.01,6897,3,22644,2020-02-21,0.22166,0.00783,0.00556,-0.04174,0.00376,7e-05,2020-02-15/2020-02-21,put,9.83,9.37,9.21,5,9.52,5,5,546,2020-02-21,0.22909,-1.0,0.0,0.01485,0.0,-0.0094,2020-02-15/2020-02-21,1.9275545270366332
2020-02-24,330.0,call,3.76,3.96,3.93,5,4.0,5,2485,833,2020-02-21,0.13553,0.80798,0.06666,-0.19802,0.08258,0.02182,2020-02-15/2020-02-21,put,0.33,0.33,0.32,69,0.33,351,58699,5980,2020-02-21,0.12212,-0.16732,0.06785,-0.1517,0.07573,-0.00461,2020-02-15/2020-02-21,-0.494088293506707
2020-02-24,332.0,call,2.4,2.33,2.32,131,2.35,5,4052,1028,2020-02-21,0.11983,0.66524,0.10053,-0.22941,0.11011,0.01804,2020-02-15/2020-02-21,put,0.7,0.69,0.69,16,0.7,124,41954,7265,2020-02-21,0.10916,-0.32006,0.10837,-0.19207,0.10813,-0.00883,2020-02-15/2020-02-21,-0.5909717831155248
2020-02-24,333.0,call,1.64,1.64,1.63,12,1.65,5,18240,1025,2020-02-21,0.11312,0.56287,0.1152,-0.23263,0.11911,0.01529,2020-02-15/2020-02-21,put,1.0,0.99,0.98,105,1.0,208,57340,14706,2020-02-21,0.10245,-0.43105,0.12687,-0.1966,0.11881,-0.0119,2020-02-15/2020-02-21,-1.2526237983889557
2020-02-24,334.0,call,1.04,1.03,1.02,116,1.04,5,43194,2304,2020-02-21,0.10382,0.44155,0.12573,-0.21279,0.11932,0.01202,2020-02-15/2020-02-21,put,1.35,1.39,1.38,22,1.4,150,52194,20178,2020-02-21,0.09407,-0.56482,0.13842,-0.17838,0.11902,-0.0156,2020-02-15/2020-02-21,-1.6253141396089308
2020-02-24,335.0,call,0.57,0.56,0.56,30,0.57,5,48017,3239,2020-02-21,0.09514,0.30576,0.12192,-0.17249,0.10602,0.00833,2020-02-15/2020-02-21,put,1.88,1.9,1.88,176,1.93,98,21198,13359,2020-02-21,0.08203,-0.72252,0.13514,-0.12801,0.10132,-0.01996,2020-02-15/2020-02-21,-0.9361081043550107
2020-02-24,338.0,call,0.03,0.04,0.03,791,0.04,2573,33031,12663,2020-02-21,0.08355,0.03951,0.03377,-0.03648,0.02579,0.00108,2020-02-15/2020-02-21,put,4.35,4.38,4.26,5,4.5,5,2432,4004,2020-02-21,0.05439,-1.0,0.0,0.01463,0.0,-0.02778,2020-02-15/2020-02-21,0.7330433189147043
2020-02-24,339.0,call,0.02,0.01,0.01,1854,0.02,4163,12336,10457,2020-02-21,0.07959,0.01211,0.01308,-0.0128,0.00952,0.00033,2020-02-15/2020-02-21,put,5.9,5.37,5.24,5,5.49,5,1545,2184,2020-02-21,0.06642,-1.0,0.0,0.01467,0.0,-0.02786,2020-02-15/2020-02-21,0.698734119842224
2020-02-24,340.0,call,0.01,0.01,0.01,75,0.02,12443,9873,17892,2020-02-21,0.09193,0.01063,0.01011,-0.01317,0.0085,0.00029,2020-02-15/2020-02-21,put,6.56,6.37,6.24,5,6.49,5,2191,2220,2020-02-21,0.07845,-1.0,0.0,0.01472,0.0,-0.02794,2020-02-15/2020-02-21,1.3563863580217128
2020-02-24,341.0,call,0.01,0.01,0.0,0,0.01,3755,1347,30471,2020-02-21,0.10398,0.00946,0.00808,-0.01344,0.00768,0.00026,2020-02-15/2020-02-21,put,8.05,7.37,7.24,5,7.49,5,176,1270,2020-02-21,0.09048,-1.0,0.0,0.01476,0.0,-0.02802,2020-02-15/2020-02-21,2.5588971203315256
2020-02-26,320.0,call,14.21,13.78,13.63,5,13.92,5,34,181,2020-02-21,0.22913,0.94063,0.01321,-0.11863,0.04611,0.04108,2020-02-15/2020-02-21,put,0.1,0.08,0.08,3543,0.09,497,2236,37158,2020-02-21,0.18705,-0.02835,0.00889,-0.04699,0.02534,-0.00131,2020-02-15/2020-02-21,-3.3232639579550285
2020-02-26,325.0,call,8.91,8.95,8.82,5,9.08,5,213,219,2020-02-21,0.18492,0.88704,0.02655,-0.15074,0.0748,0.0393,2020-02-15/2020-02-21,put,0.27,0.27,0.26,188,0.27,1710,5559,6542,2020-02-21,0.16617,-0.08927,0.02489,-0.10339,0.063,-0.00412,2020-02-15/2020-02-21,-0.5986158015617251
2020-02-26,345.0,call,0.02,0.01,0.0,0,0.01,6622,595,6647,2020-02-21,0.11648,0.00678,0.00417,-0.00871,0.0074,0.00031,2020-02-15/2020-02-21,put,11.4,11.36,11.21,5,11.51,5,1,55,2020-02-21,0.09241,-1.0,0.0,0.01493,0.0,-0.04725,2020-02-15/2020-02-21,0.5493202243996343
2020-02-28,315.0,call,18.35,18.85,18.7,5,19.0,5,10,201,2020-02-21,0.25961,0.94653,0.00907,-0.10601,0.05024,0.05692,2020-02-15/2020-02-21,put,0.12,0.11,0.1,2302,0.11,2555,18643,20396,2020-02-21,0.21846,-0.02809,0.00639,-0.04602,0.02975,-0.00182,2020-02-15/2020-02-21,-1.831613753720918
2020-02-28,317.0,call,17.35,16.88,16.73,5,17.03,5,52,462,2020-02-21,0.24193,0.93804,0.01093,-0.1103,0.05642,0.05675,2020-02-15/2020-02-21,put,0.14,0.14,0.13,1543,0.14,1887,3091,17283,2020-02-21,0.20687,-0.03641,0.00835,-0.05393,0.03686,-0.00236,2020-02-15/2020-02-21,-1.5317193556106876
2020-02-28,317.5,call,18.52,16.39,16.25,5,16.54,5,0,494,2020-02-21,0.23781,0.93533,0.0115,-0.11187,0.05833,0.05668,2020-02-15/2020-02-21,put,0.16,0.15,0.14,1553,0.15,2356,3243,9664,2020-02-21,0.20428,-0.03915,0.00898,-0.05649,0.03911,-0.00253,2020-02-15/2020-02-21,-0.8516683657051236
2020-02-28,318.0,call,15.54,15.91,15.76,5,16.05,5,18,427,2020-02-21,0.23522,0.93119,0.0122,-0.11557,0.06119,0.0565,2020-02-15/2020-02-21,put,0.15,0.15,0.15,1605,0.16,2051,4050,7506,2020-02-21,0.19894,-0.04006,0.00939,-0.05603,0.03984,-0.00259,2020-02-15/2020-02-21,-0.665812056739951
2020-02-28,319.0,call,14.15,14.93,14.79,5,15.08,5,37,916,2020-02-21,0.22623,0.92539,0.0135,-0.11793,0.06512,0.05632,2020-02-15/2020-02-21,put,0.22,0.18,0.18,204,0.19,2575,1029,7237,2020-02-21,0.19513,-0.04771,0.01102,-0.06325,0.04588,-0.00309,2020-02-15/2020-02-21,-0.5984380336908832
2020-02-28,320.0,call,13.67,13.97,13.83,5,14.11,5,59,1293,2020-02-21,0.21983,0.91629,0.01515,-0.12417,0.07104,0.05592,2020-02-15/2020-02-21,put,0.21,0.21,0.21,1433,0.22,1133,17245,17301,2020-02-21,0.1901,-0.05569,0.0128,-0.06964,0.05188,-0.0036,2020-02-15/2020-02-21,-1.4594567161134684
2020-02-28,321.0,call,12.99,13.02,12.88,5,13.15,5,15,1347,2020-02-21,0.21388,0.90537,0.01706,-0.13141,0.07783,0.05541,2020-02-15/2020-02-21,put,0.25,0.26,0.25,2264,0.26,5,3747,12659,2020-02-21,0.18751,-0.06766,0.0151,-0.07991,0.0604,-0.00438,2020-02-15/2020-02-21,-1.0420577553767636
2020-02-28,322.0,call,11.92,12.07,11.95,5,12.2,5,329,8656,2020-02-21,0.20702,0.89377,0.01918,-0.13761,0.08469,0.05485,2020-02-15/2020-02-21,put,0.31,0.32,0.31,472,0.32,963,8127,13974,2020-02-21,0.18461,-0.08153,0.01769,-0.09065,0.06965,-0.00528,2020-02-15/2020-02-21,-0.5092874464636867
2020-02-28,323.0,call,11.19,11.17,11.07,5,11.27,5,160,3575,2020-02-21,0.20458,0.87532,0.02175,-0.15083,0.0949,0.05384,2020-02-15/2020-02-21,put,0.39,0.39,0.38,398,0.4,2583,7552,14179,2020-02-21,0.18157,-0.09774,0.02058,-0.10194,0.07971,-0.00633,2020-02-15/2020-02-21,-0.9791279290987426
2020-02-28,324.0,call,9.69,10.21,10.17,5,10.25,5,111,2174,2020-02-21,0.19468,0.86312,0.02438,-0.15277,0.10122,0.05324,2020-02-15/2020-02-21,put,0.47,0.47,0.47,34,0.48,887,7184,9430,2020-02-21,0.17791,-0.11601,0.02377,-0.11293,0.0902,-0.00751,2020-02-15/2020-02-21,-0.6815445133094563
2020-02-28,325.0,call,9.21,9.32,9.28,5,9.36,5,583,2199,2020-02-21,0.19056,0.84152,0.02748,-0.16374,0.11167,0.05203,2020-02-15/2020-02-21,put,0.58,0.57,0.57,186,0.58,217,36961,22924,2020-02-21,0.17455,-0.13782,0.02732,-0.12478,0.1017,-0.00892,2020-02-15/2020-02-21,-1.8787222394940128
2020-02-28,327.0,call,7.43,7.58,7.55,5,7.62,5,372,2000,2020-02-21,0.1808,0.79055,0.03446,-0.18271,0.13289,0.04911,2020-02-15/2020-02-21,put,0.85,0.84,0.84,191,0.85,119,3528,14900,2020-02-21,0.16846,-0.1933,0.03525,-0.14957,0.12665,-0.01252,2020-02-15/2020-02-21,-1.1832054448252065
2020-02-28,328.0,call,6.63,6.76,6.74,85,6.78,5,746,1567,2020-02-21,0.17699,0.75823,0.03818,-0.19288,0.14414,0.0472,2020-02-15/2020-02-21,put,1.01,1.02,1.01,161,1.02,110,6808,6979,2020-02-21,0.16571,-0.22762,0.03945,-0.16169,0.13942,-0.01475,2020-02-15/2020-02-21,-0.5176425363932544
2020-02-28,330.0,call,5.02,5.19,5.17,73,5.2,5,3410,4760,2020-02-21,0.16769,0.6831,0.04599,-0.20665,0.16448,0.04269,2020-02-15/2020-02-21,put,1.44,1.44,1.43,200,1.44,17,44518,33452,2020-02-21,0.15733,-0.30633,0.0483,-0.17766,0.16208,-0.01987,2020-02-15/2020-02-21,-2.5868605529925923
2020-02-28,331.0,call,4.54,4.45,4.43,111,4.46,5,2117,3416,2020-02-21,0.16266,0.63911,0.04984,-0.20995,0.17292,0.04002,2020-02-15/2020-02-21,put,1.7,1.69,1.69,200,1.7,14,8845,18746,2020-02-21,0.15215,-0.35227,0.05284,-0.18118,0.17146,-0.02285,2020-02-15/2020-02-21,-1.3991934078980754
2020-02-28,333.0,call,3.08,3.08,3.07,4,3.09,214,12116,9610,2020-02-21,0.15108,0.53736,0.05693,-0.20557,0.18343,0.03378,2020-02-15/2020-02-21,put,2.34,2.33,2.32,202,2.34,196,21721,15940,2020-02-21,0.14178,-0.46072,0.06063,-0.17893,0.18335,-0.02991,2020-02-15/2020-02-21,-0.5992379891096716
2020-02-28,335.0,call,1.9,1.89,1.88,177,1.9,215,15275,7643,2020-02-21,0.13736,0.41542,0.06147,-0.1826,0.18008,0.02621,2020-02-15/2020-02-21,put,3.06,3.15,3.13,203,3.16,98,12461,20014,2020-02-21,0.12852,-0.5908,0.06547,-0.15607,0.17945,-0.03839,2020-02-15/2020-02-21,-1.1361858429875324
2020-02-28,338.0,call,0.65,0.62,0.62,197,0.63,217,25486,21032,2020-02-21,0.11556,0.20773,0.05366,-0.11213,0.13225,0.01317,2020-02-15/2020-02-21,put,4.79,4.89,4.87,42,4.91,1,4176,5278,2020-02-21,0.10398,-0.81773,0.05508,-0.07869,0.12214,-0.05324,2020-02-15/2020-02-21,1.3636748407262294
2020-02-28,339.0,call,0.39,0.38,0.37,1440,0.38,5,9968,42075,2020-02-21,0.10977,0.1463,0.04523,-0.08512,0.10589,0.00928,2020-02-15/2020-02-21,put,5.65,5.64,5.51,5,5.78,5,629,3962,2020-02-21,0.09346,-0.89225,0.04292,-0.04399,0.08556,-0.05815,2020-02-15/2020-02-21,3.3510307528028873
2020-02-28,340.0,call,0.23,0.21,0.21,667,0.22,476,19970,30436,2020-02-21,0.10398,0.09401,0.03493,-0.05887,0.07745,0.00597,2020-02-15/2020-02-21,put,6.5,6.46,6.35,5,6.58,5,1525,4945,2020-02-21,0.07425,-0.96773,0.02108,-0.00345,0.03338,-0.06313,2020-02-15/2020-02-21,2.229137719919861
2020-02-28,341.0,call,0.12,0.12,0.12,20,0.13,2870,12796,22191,2020-02-21,0.10154,0.0597,0.0253,-0.0406,0.0548,0.0038,2020-02-15/2020-02-21,put,8.17,7.38,7.25,5,7.52,5,1091,2191,2020-02-21,0.04524,-1.0,0.0,0.01476,0.0,-0.06538,2020-02-15/2020-02-21,1.7410760305235142
2020-02-28,342.0,call,0.07,0.07,0.06,1805,0.07,2476,2863,39122,2020-02-21,0.10093,0.03784,0.01767,-0.02797,0.03804,0.00241,2020-02-15/2020-02-21,put,8.9,8.36,8.21,5,8.51,5,334,2020,2020-02-21,0.05126,-1.0,0.0,0.0148,0.0,-0.06557,2020-02-15/2020-02-21,3.261169094092323
2020-02-28,343.0,call,0.04,0.04,0.04,170,0.05,4969,2320,8123,2020-02-21,0.10047,0.02306,0.01177,-0.01843,0.02522,0.00147,2020-02-15/2020-02-21,put,9.37,9.36,9.21,5,9.51,5,8,280,2020-02-21,0.05727,-1.0,0.0,0.01484,0.0,-0.06576,2020-02-15/2020-02-21,0.6605140276112225
2020-02-28,344.0,call,0.03,0.03,0.02,3146,0.03,4103,2502,13745,2020-02-21,0.10474,0.01729,0.00884,-0.01503,0.01976,0.0011,2020-02-15/2020-02-21,put,9.61,10.36,10.21,5,10.51,5,5,3783,2020-02-21,0.06329,-1.0,0.0,0.01489,0.0,-0.06595,2020-02-15/2020-02-21,0.848859086768181
2020-02-28,345.0,call,0.02,0.03,0.02,12,0.03,6920,2031,19501,2020-02-21,0.11312,0.01615,0.00772,-0.01529,0.01863,0.00103,2020-02-15/2020-02-21,put,11.2,11.36,11.21,5,11.51,5,10,1645,2020-02-21,0.06931,-1.0,0.0,0.01493,0.0,-0.06614,2020-02-15/2020-02-21,1.5505088729810321
2020-03-02,315.0,call,16.17,18.95,18.8,5,19.09,5,0,3,2020-02-21,0.22699,0.93915,0.00961,-0.08819,0.06648,0.08061,2020-02-15/2020-02-21,put,0.22,0.18,0.18,228,0.19,1809,698,21227,2020-02-21,0.20001,-0.03991,0.00779,-0.0469,0.04748,-0.0037,2020-02-15/2020-02-21,-1.923075323269059
2020-03-02,325.0,call,9.32,9.59,9.55,5,9.63,5,235,625,2020-02-21,0.17638,0.81903,0.02704,-0.13957,0.14533,0.0722,2020-02-15/2020-02-21,put,0.91,0.83,0.82,5,0.84,148,2768,23470,2020-02-21,0.16647,-0.16746,0.02727,-0.11269,0.13833,-0.01553,2020-02-15/2020-02-21,-2.0671561825863924
2020-03-06,315.0,call,24.5,19.46,19.33,5,19.59,5,0,103,2020-02-21,0.23827,0.89581,0.01162,-0.11259,0.1181,0.10712,2020-02-15/2020-02-21,put,0.65,0.61,0.6,195,0.62,1177,2496,4954,2020-02-21,0.22227,-0.08925,0.01112,-0.08236,0.10541,-0.01165,2020-02-15/2020-02-21,-0.4677786486221106
2020-03-06,320.0,call,14.25,14.87,14.83,5,14.91,5,26,241,2020-02-21,0.21739,0.84248,0.01696,-0.13364,0.15729,0.10206,2020-02-15/2020-02-21,put,1.01,1.02,1.0,1157,1.03,914,4264,9212,2020-02-21,0.20596,-0.14499,0.01694,-0.10735,0.14885,-0.01894,2020-02-15/2020-02-21,-0.8339804625563577
2020-03-06,322.0,call,13.18,13.1,13.06,5,13.14,5,5,908,2020-02-21,0.20931,0.81323,0.01964,-0.14227,0.17537,0.099,2020-02-15/2020-02-21,put,1.33,1.25,1.23,1000,1.26,319,2579,10019,2020-02-21,0.1991,-0.17529,0.01985,-0.11725,0.16853,-0.0229,2020-02-15/2020-02-21,-0.8464242135152885
2020-03-06,322.5,call,12.78,12.67,12.63,5,12.71,5,27,653,2020-02-21,0.20748,0.80487,0.02035,-0.14455,0.18014,0.09809,2020-02-15/2020-02-21,put,1.33,1.31,1.3,100,1.32,5,808,5882,2020-02-21,0.19711,-0.18346,0.02063,-0.11939,0.17343,-0.02397,2020-02-15/2020-02-21,-0.5013767762112236
2020-03-06,323.0,call,11.83,12.24,12.2,5,12.28,5,101,252,2020-02-21,0.2055,0.79632,0.02109,-0.14663,0.18485,0.09716,2020-02-15/2020-02-21,put,1.4,1.38,1.37,100,1.39,5,462,6027,2020-02-21,0.19544,-0.19237,0.02142,-0.12181,0.17858,-0.02514,2020-02-15/2020-02-21,-0.5499074049510534
2020-03-06,325.0,call,10.61,10.55,10.53,1,10.57,5,273,827,2020-02-21,0.19742,0.75841,0.0242,-0.15416,0.20377,0.09296,2020-02-15/2020-02-21,put,1.77,1.69,1.67,700,1.7,5,2041,8185,2020-02-21,0.18827,-0.23165,0.02479,-0.13046,0.19911,-0.03028,2020-02-15/2020-02-21,-0.6906106747223916
2020-03-06,326.0,call,10.11,9.73,9.71,1,9.75,5,59,601,2020-02-21,0.1933,0.73701,0.02584,-0.15733,0.21309,0.09054,2020-02-15/2020-02-21,put,1.84,1.86,1.85,253,1.88,239,6121,7135,2020-02-21,0.18416,-0.2534,0.02661,-0.13374,0.20903,-0.03313,2020-02-15/2020-02-21,-0.6173703119355421
2020-03-06,327.0,call,8.71,8.93,8.9,62,8.95,6,48,441,2020-02-21,0.18919,0.71379,0.02753,-0.16004,0.22218,0.08788,2020-02-15/2020-02-21,put,2.06,2.05,2.04,612,2.07,85,1320,6221,2020-02-21,0.18004,-0.27715,0.02849,-0.13657,0.21876,-0.03624,2020-02-15/2020-02-21,-0.5503518246281581
2020-03-06,333.0,call,4.44,4.53,4.51,40,4.54,5,5392,1964,2020-02-21,0.16068,0.53219,0.03789,-0.15652,0.25971,0.06633,2020-02-15/2020-02-21,put,3.61,3.67,3.65,5,3.68,5,9137,8529,2020-02-21,0.15367,-0.46691,0.03961,-0.13561,0.25966,-0.06113,2020-02-15/2020-02-21,-0.6201257139335911
2020-03-06,345.0,call,0.13,0.11,0.1,3723,0.11,716,570,11204,2020-02-21,0.09834,0.04251,0.01409,-0.02137,0.05912,0.00539,2020-02-15/2020-02-21,put,11.8,11.36,11.22,5,11.5,5,177,621,2020-02-21,0.08538,-0.97651,0.00995,0.00354,0.03623,-0.12926,2020-02-15/2020-02-21,0.9040560106645809
2020-03-06,348.0,call,0.04,0.04,0.03,1725,0.04,3551,290,6211,2020-02-21,0.10078,0.01705,0.00642,-0.01018,0.02761,0.00217,2020-02-15/2020-02-21,put,9.44,14.36,14.21,5,14.51,5,0,10,2020-02-21,0.10428,-0.97967,0.00721,0.00282,0.03207,-0.13082,2020-02-15/2020-02-21,0.5145666056500492
2020-03-06,353.0,call,0.01,0.01,0.01,768,0.02,4761,103,12060,2020-02-21,0.10962,0.00452,0.00184,-0.00344,0.00863,0.00057,2020-02-15/2020-02-21,put,20.7,19.36,19.21,5,19.51,5,0,0,2020-02-21,0.13492,-0.98286,0.00482,0.00166,0.02774,-0.13314,2020-02-15/2020-02-21,1.0353375832813
2020-03-09,325.0,call,10.77,10.72,10.7,52,10.75,5,96,143,2020-02-21,0.18522,0.75262,0.0237,-0.13429,0.22742,0.1119,2020-02-15/2020-02-21,put,1.9,1.85,1.84,5,1.86,5,1259,7785,2020-02-21,0.17852,-0.2398,0.02419,-0.11388,0.22363,-0.03811,2020-02-15/2020-02-21,-0.7158537123819367
2020-03-09,332.0,call,5.44,5.39,5.37,40,5.41,5,292,398,2020-02-21,0.15626,0.56772,0.03496,-0.13801,0.28297,0.08567,2020-02-15/2020-02-21,put,3.67,3.5,3.49,5,3.52,5,276,7704,2020-02-21,0.15047,-0.4302,0.03627,-0.11875,0.28271,-0.06845,2020-02-15/2020-02-21,-0.685988710080503
2020-03-13,315.0,call,19.86,20.03,19.99,5,20.08,5,25,108,2020-02-21,0.22501,0.86436,0.0121,-0.10495,0.17423,0.15432,2020-02-15/2020-02-21,put,1.22,1.08,1.07,238,1.09,232,476,9967,2020-02-21,0.21403,-0.12428,0.01198,-0.08173,0.164,-0.02447,2020-02-15/2020-02-21,-0.912909397210147
2020-03-13,320.0,call,14.98,15.56,15.52,5,15.6,5,5,252,2020-02-21,0.20718,0.8088,0.01644,-0.11849,0.21791,0.14623,2020-02-15/2020-02-21,put,1.67,1.6,1.58,1445,1.61,198,960,5888,2020-02-21,0.19833,-0.18135,0.01662,-0.09689,0.21088,-0.03571,2020-02-15/2020-02-21,-0.5375525379275436
2020-03-13,325.0,call,11.1,11.34,11.32,1,11.36,5,121,507,2020-02-21,0.18904,0.72933,0.02189,-0.12922,0.26481,0.13341,2020-02-15/2020-02-21,put,2.29,2.37,2.35,5,2.38,435,485,6061,2020-02-21,0.18157,-0.26301,0.02247,-0.10893,0.261,-0.05183,2020-02-15/2020-02-21,-0.530264055223027
2020-03-13,334.0,call,4.75,4.7,4.68,136,4.71,5,2834,985,2020-02-21,0.15062,0.50004,0.03311,-0.12146,0.31911,0.09324,2020-02-15/2020-02-21,put,4.8,4.72,4.71,5,4.74,40,2976,7663,2020-02-21,0.14452,-0.50055,0.03451,-0.10238,0.31911,-0.09876,2020-02-15/2020-02-21,-0.6301695986361566
2020-03-13,345.0,call,0.33,0.3,0.3,1965,0.31,5,1479,6566,2020-02-21,0.09895,0.08367,0.01943,-0.03017,0.12301,0.01588,2020-02-15/2020-02-21,put,11.5,11.46,11.32,5,11.59,5,5,444,2020-02-21,0.09498,-0.92498,0.01864,-0.01176,0.11326,-0.18406,2020-02-15/2020-02-21,0.5075447747517955
2020-03-20,314.0,call,21.24,21.35,21.29,10,21.41,10,24,10498,2020-02-21,0.21403,0.85666,0.01144,-0.09128,0.20889,0.20277,2020-02-15/2020-02-21,put,1.56,1.56,1.55,5,1.56,5,2636,20972,2020-02-21,0.21739,-0.14688,0.01145,-0.08024,0.21235,-0.03877,2020-02-15/2020-02-21,-0.9675730174940212
2020-03-20,315.0,call,19.87,20.45,20.39,5,20.5,10,220,27609,2020-02-21,0.21099,0.84745,0.0121,-0.0934,0.21778,0.20111,2020-02-15/2020-02-21,put,1.64,1.67,1.66,5,1.67,296,8993,115034,2020-02-21,0.2148,-0.15663,0.01209,-0.08267,0.22162,-0.04135,2020-02-15/2020-02-21,-7.807280732070295
2020-03-20,318.0,call,17.65,17.79,17.73,5,17.84,24,69,19495,2020-02-21,0.20199,0.81574,0.01427,-0.09971,0.24594,0.19503,2020-02-15/2020-02-21,put,1.99,2.04,2.03,5,2.04,608,10427,37536,2020-02-21,0.20657,-0.18927,0.01419,-0.08942,0.25005,-0.04998,2020-02-15/2020-02-21,-1.6401577568242267
2020-03-20,319.0,call,16.7,16.91,16.86,5,16.96,10,168,11639,2020-02-21,0.19849,0.80429,0.01507,-0.10134,0.25522,0.19278,2020-02-15/2020-02-21,put,2.16,2.17,2.17,5,2.18,366,3908,24156,2020-02-21,0.20336,-0.20107,0.01495,-0.09121,0.25941,-0.0531,2020-02-15/2020-02-21,-1.149162897558989
2020-03-20,320.0,call,15.96,16.05,15.99,5,16.1,76,524,26825,2020-02-21,0.19544,0.79153,0.0159,-0.10323,0.26505,0.19018,2020-02-15/2020-02-21,put,2.34,2.33,2.32,5,2.33,241,18681,102373,2020-02-21,0.20093,-0.21446,0.01572,-0.09349,0.26948,-0.05665,2020-02-15/2020-02-21,-6.751606231075865
2020-03-20,321.0,call,15.3,15.21,15.2,14,15.23,1,336,8986,2020-02-21,0.19285,0.77742,0.01673,-0.10537,0.27532,0.18721,2020-02-15/2020-02-21,put,2.45,2.49,2.48,5,2.49,282,5483,35124,2020-02-21,0.19818,-0.22832,0.01652,-0.09544,0.27931,-0.06032,2020-02-15/2020-02-21,-2.3598509819275275
2020-03-20,324.0,call,12.3,12.7,12.68,1,12.72,1,282,15787,2020-02-21,0.18263,0.73217,0.01952,-0.10922,0.30416,0.17756,2020-02-15/2020-02-21,put,3.0,3.02,3.02,5,3.03,70,6334,29802,2020-02-21,0.18888,-0.27406,0.01909,-0.09969,0.30767,-0.07243,2020-02-15/2020-02-21,-1.2823110328195477
2020-03-20,326.0,call,11.07,11.08,11.06,10,11.1,10,278,23305,2020-02-21,0.17532,0.69722,0.02156,-0.11054,0.32248,0.16987,2020-02-15/2020-02-21,put,3.43,3.45,3.44,201,3.45,1,4547,30657,2020-02-21,0.18294,-0.3096,0.02087,-0.10177,0.32567,-0.08185,2020-02-15/2020-02-21,-0.6900773711098659
2020-03-20,327.0,call,10.13,10.29,10.27,20,10.32,72,838,13310,2020-02-21,0.17166,0.67796,0.02262,-0.11086,0.33118,0.16554,2020-02-15/2020-02-21,put,3.64,3.68,3.67,207,3.69,60,15098,41925,2020-02-21,0.17974,-0.32873,0.02178,-0.10229,0.33398,-0.08692,2020-02-15/2020-02-21,-2.58001648996518
2020-03-20,328.0,call,9.6,9.52,9.5,20,9.54,20,507,26466,2020-02-21,0.16815,0.65729,0.02366,-0.111,0.33945,0.16084,2020-02-15/2020-02-21,put,3.92,3.93,3.92,204,3.94,119,8567,20614,2020-02-21,0.17654,-0.34897,0.02269,-0.10253,0.34175,-0.09229,2020-02-15/2020-02-21,0.48354611218814336
2020-03-20,330.0,call,8.05,8.02,8.0,30,8.03,40,4837,81076,2020-02-21,0.16053,0.61234,0.02583,-0.1099,0.35377,0.1505,2020-02-15/2020-02-21,put,4.47,4.47,4.47,5,4.48,1,13832,92048,2020-02-21,0.16983,-0.39269,0.02451,-0.10182,0.35507,-0.10389,2020-02-15/2020-02-21,-1.0118372173336463
2020-03-20,331.0,call,7.34,7.29,7.26,48,7.31,115,3269,17275,2020-02-21,0.15626,0.58789,0.02697,-0.10849,0.3595,0.1448,2020-02-15/2020-02-21,put,4.75,4.78,4.77,5,4.79,66,3573,22522,2020-02-21,0.16663,-0.41641,0.02535,-0.10101,0.36036,-0.11019,2020-02-15/2020-02-21,-0.5029766870488004
2020-03-20,333.0,call,5.9,5.89,5.87,48,5.91,102,5647,33691,2020-02-21,0.14773,0.53398,0.02913,-0.1043,0.36714,0.13209,2020-02-15/2020-02-21,put,5.38,5.46,5.45,90,5.46,50,12338,14508,2020-02-21,0.16007,-0.46733,0.02689,-0.09799,0.36724,-0.12374,2020-02-15/2020-02-21,1.6684578552846112
2020-03-20,334.0,call,5.23,5.23,5.22,50,5.25,144,7695,30222,2020-02-21,0.14346,0.50445,0.03011,-0.10144,0.36846,0.12504,2020-02-15/2020-02-21,put,5.75,5.83,5.82,5,5.85,112,5854,15232,2020-02-21,0.15657,-0.49453,0.02758,-0.09562,0.36844,-0.13098,2020-02-15/2020-02-21,1.2957675140646359
2020-03-20,335.0,call,4.6,4.6,4.58,63,4.62,227,7299,107835,2020-02-21,0.13919,0.47319,0.03096,-0.09801,0.36765,0.11752,2020-02-15/2020-02-21,put,6.23,6.24,6.22,5,6.26,135,5762,27825,2020-02-21,0.15352,-0.5228,0.02809,-0.09303,0.36788,-0.13853,2020-02-15/2020-02-21,7.075000995133748
2020-03-20,336.0,call,4.0,4.0,3.98,50,4.01,169,9018,17754,2020-02-21,0.13492,0.44025,0.03165,-0.09396,0.36434,0.10955,2020-02-15/2020-02-21,put,6.63,6.68,6.62,5,6.73,5,1199,8008,2020-02-21,0.15047,-0.552,0.02846,-0.08991,0.36534,-0.14634,2020-02-15/2020-02-21,0.8296601567172593
2020-03-20,337.0,call,3.45,3.42,3.41,50,3.44,274,6108,18440,2020-02-21,0.1302,0.40534,0.03224,-0.08895,0.35806,0.10107,2020-02-15/2020-02-21,put,7.12,7.15,7.1,5,7.2,5,1978,9427,2020-02-21,0.14727,-0.58212,0.02871,-0.08613,0.36064,-0.1544,2020-02-15/2020-02-21,0.7645082320537149
2020-03-20,338.0,call,2.91,2.88,2.87,152,2.9,60,6430,31701,2020-02-21,0.12547,0.36875,0.03254,-0.08325,0.34835,0.09212,2020-02-15/2020-02-21,put,7.79,7.67,7.61,5,7.73,5,548,8641,2020-02-21,0.14468,-0.61244,0.02866,-0.08222,0.35374,-0.16256,2020-02-15/2020-02-21,2.0130608729115713
2020-03-20,339.0,call,2.44,2.4,2.38,235,2.41,87,10632,28847,2020-02-21,0.1212,0.33136,0.0324,-0.07719,0.33504,0.08293,2020-02-15/2020-02-21,put,8.21,8.23,8.17,10,8.29,5,239,4022,2020-02-21,0.14239,-0.64275,0.02837,-0.07799,0.34463,-0.17074,2020-02-15/2020-02-21,2.1699410189295194
2020-03-20,340.0,call,1.95,1.96,1.95,75,1.97,218,22963,117347,2020-02-21,0.11693,0.29314,0.03185,-0.0705,0.31776,0.07349,2020-02-15/2020-02-21,put,8.69,8.81,8.78,10,8.85,5,1388,14181,2020-02-21,0.13965,-0.67362,0.02795,-0.07294,0.33301,-0.17908,2020-02-15/2020-02-21,9.13319740374089
2020-03-20,341.0,call,1.58,1.56,1.56,2,1.57,5,13745,22116,2020-02-21,0.11251,0.25427,0.03085,-0.0631,0.29614,0.06385,2020-02-15/2020-02-21,put,9.77,9.5,9.31,5,9.7,5,258,2070,2020-02-21,0.13934,-0.70094,0.02698,-0.06926,0.32069,-0.1866,2020-02-15/2020-02-21,1.7451646915528771
2020-03-20,342.0,call,1.23,1.23,1.22,319,1.23,5,11176,42491,2020-02-21,0.10885,0.21726,0.02924,-0.05586,0.27152,0.05464,2020-02-15/2020-02-21,put,10.08,10.22,10.03,5,10.42,5,41,1780,2020-02-21,0.13919,-0.72697,0.02586,-0.06539,0.3071,-0.19381,2020-02-15/2020-02-21,3.5819512170264733
2020-03-20,343.0,call,0.95,0.94,0.94,200,0.95,5,13043,25769,2020-02-21,0.10504,0.18108,0.02715,-0.04821,0.24327,0.0456,2020-02-15/2020-02-21,put,10.9,11.0,10.81,5,11.18,5,38,1076,2020-02-21,0.14026,-0.74983,0.02454,-0.06224,0.29362,-0.20026,2020-02-15/2020-02-21,2.158208339453956
2020-03-20,344.0,call,0.72,0.71,0.71,5,0.72,297,7609,18835,2020-02-21,0.10184,0.14824,0.02459,-0.04097,0.21366,0.03738,2020-02-15/2020-02-21,put,12.67,11.82,11.64,5,11.99,5,20,1100,2020-02-21,0.14193,-0.77023,0.02315,-0.05941,0.28031,-0.20611,2020-02-15/2020-02-21,1.5397539167950993
2020-03-20,345.0,call,0.54,0.54,0.53,5,0.54,796,14847,32121,2020-02-21,0.09971,0.12058,0.0218,-0.03473,0.1854,0.03043,2020-02-15/2020-02-21,put,13.44,12.68,12.5,5,12.86,5,90,4337,2020-02-21,0.14452,-0.7876,0.02173,-0.05724,0.26797,-0.21121,2020-02-15/2020-02-21,2.4329485838400626
2020-03-20,346.0,call,0.4,0.4,0.39,319,0.4,1021,3595,20694,2020-02-21,0.09757,0.09588,0.01888,-0.02875,0.15717,0.02422,2020-02-15/2020-02-21,put,13.48,13.57,13.39,5,13.75,5,81,1154,2020-02-21,0.14773,-0.80253,0.02036,-0.05552,0.2566,-0.21571,2020-02-15/2020-02-21,1.7001894202298846
2020-03-20,347.0,call,0.29,0.29,0.28,954,0.29,378,3064,38692,2020-02-21,0.09544,0.07432,0.01595,-0.02319,0.12984,0.01879,2020-02-15/2020-02-21,put,15.21,14.5,14.31,5,14.68,5,44,1624,2020-02-21,0.15215,-0.81414,0.01905,-0.0548,0.24726,-0.2194,2020-02-15/2020-02-21,3.2581470402880113
2020-03-20,348.0,call,0.22,0.21,0.2,1892,0.21,204,1751,9828,2020-02-21,0.09392,0.05718,0.01322,-0.01858,0.10595,0.01447,2020-02-15/2020-02-21,put,16.02,15.45,15.26,5,15.63,5,9,733,2020-02-21,0.15702,-0.82391,0.01784,-0.05446,0.23903,-0.22262,2020-02-15/2020-02-21,0.7717967147582314
2020-03-20,349.0,call,0.16,0.15,0.15,241,0.16,1600,1161,6552,2020-02-21,0.09254,0.04321,0.01073,-0.01462,0.08473,0.01094,2020-02-15/2020-02-21,put,16.42,16.41,16.22,5,16.59,5,19,904,2020-02-21,0.16221,-0.83225,0.01675,-0.0544,0.23174,-0.22549,2020-02-15/2020-02-21,0.46541378936227285
2020-03-20,350.0,call,0.11,0.11,0.11,577,0.12,1842,6076,56317,2020-02-21,0.09209,0.03322,0.0087,-0.01172,0.06837,0.00841,2020-02-15/2020-02-21,put,17.89,17.38,17.19,5,17.56,5,45,15279,2020-02-21,0.16769,-0.83932,0.01575,-0.05461,0.22535,-0.22805,2020-02-15/2020-02-21,3.6110162639091183
2020-03-20,351.0,call,0.09,0.08,0.08,1747,0.09,1761,1404,8011,2020-02-21,0.09163,0.02517,0.00694,-0.00924,0.05428,0.00638,2020-02-15/2020-02-21,put,18.15,18.34,18.16,5,18.53,5,7,1369,2020-02-21,0.17257,-0.84661,0.01485,-0.05434,0.21858,-0.23065,2020-02-15/2020-02-21,0.553764421170681
2020-03-20,352.0,call,0.08,0.07,0.06,1070,0.07,1865,143,8421,2020-02-21,0.09407,0.02196,0.00603,-0.00844,0.0484,0.00556,2020-02-15/2020-02-21,put,19.73,19.33,19.14,5,19.51,5,6,2810,2020-02-21,0.17852,-0.85173,0.01403,-0.05499,0.21369,-0.23272,2020-02-15/2020-02-21,0.4621250837516983
2020-03-20,353.0,call,0.05,0.06,0.05,533,0.06,3288,92,18905,2020-02-21,0.09605,0.01879,0.00518,-0.00754,0.04241,0.00476,2020-02-15/2020-02-21,put,18.15,20.31,20.13,5,20.49,5,0,1885,2020-02-21,0.184,-0.857,0.01329,-0.05528,0.20856,-0.23482,2020-02-15/2020-02-21,1.4762019029691316
2020-03-23,335.0,call,4.68,4.62,4.58,50,4.65,477,208,6566,2020-02-21,0.13233,0.47455,0.03096,-0.08923,0.38693,0.13048,2020-02-15/2020-02-21,put,6.55,6.36,6.25,852,6.46,852,123,178,2020-02-21,0.14955,-0.52064,0.02741,-0.08561,0.3872,-0.15286,2020-02-15/2020-02-21,0.5311879015737638
2020-03-27,345.0,call,0.75,0.72,0.72,94,0.73,5,890,6162,2020-02-21,0.09666,0.14252,0.02257,-0.03415,0.23265,0.04489,2020-02-15/2020-02-21,put,12.5,12.95,12.71,5,13.19,5,6,264,2020-02-21,0.14056,-0.76537,0.02115,-0.05206,0.31706,-0.25716,2020-02-15/2020-02-21,0.4876347732175063
2020-03-31,315.0,call,21.22,20.77,20.64,5,20.91,5,5,4815,2020-02-21,0.18629,0.83998,0.01198,-0.07458,0.26525,0.27711,2020-02-15/2020-02-21,put,2.28,2.27,2.26,5,2.28,100,397,10377,2020-02-21,0.20474,-0.18126,0.01181,-0.07269,0.28729,-0.06701,2020-02-15/2020-02-21,-0.5309751267063945
2020-03-31,320.0,call,15.8,16.44,16.41,1,16.46,5,37,5747,2020-02-21,0.17425,0.78305,0.01546,-0.08212,0.32018,0.26145,2020-02-15/2020-02-21,put,2.96,3.0,2.99,5,3.02,185,753,13480,2020-02-21,0.19193,-0.23701,0.01476,-0.07926,0.33655,-0.08766,2020-02-15/2020-02-21,-0.7239421505052417
2020-03-31,322.0,call,14.68,14.74,14.71,1,14.77,5,57,5410,2020-02-21,0.1683,0.75646,0.01708,-0.08399,0.34158,0.25379,2020-02-15/2020-02-21,put,3.42,3.35,3.34,5,3.37,103,181,15163,2020-02-21,0.18644,-0.26337,0.01607,-0.08113,0.35593,-0.09743,2020-02-15/2020-02-21,-0.9034877000555279
2020-03-31,331.0,call,7.55,7.72,7.7,40,7.74,5,17868,19155,2020-02-21,0.14041,0.58799,0.02543,-0.08452,0.42426,0.20127,2020-02-15/2020-02-21,put,5.53,5.54,5.53,5,5.56,5,104,3528,2020-02-21,0.16068,-0.42054,0.02232,-0.08149,0.42622,-0.15577,2020-02-15/2020-02-21,1.3523865809277706
2020-03-31,332.0,call,6.6,7.02,7.0,40,7.04,5,93,9279,2020-02-21,0.13705,0.56331,0.02637,-0.08328,0.42939,0.19322,2020-02-15/2020-02-21,put,5.74,5.88,5.86,5,5.89,5,294,4133,2020-02-21,0.15809,-0.44252,0.02291,-0.08058,0.43035,-0.16396,2020-02-15/2020-02-21,0.42079405378096413
2020-03-31,337.0,call,3.65,3.89,3.87,50,3.91,5,1907,8782,2020-02-21,0.11983,0.41864,0.0299,-0.07129,0.4258,0.14501,2020-02-15/2020-02-21,put,8.3,7.92,7.82,5,8.01,5,69,3848,2020-02-21,0.14498,-0.56444,0.02491,-0.07128,0.42919,-0.20958,2020-02-15/2020-02-21,0.40195065947172615
2020-03-31,339.0,call,2.72,2.87,2.85,520,2.89,5,844,16577,2020-02-21,0.11312,0.35203,0.0301,-0.06364,0.40461,0.12237,2020-02-15/2020-02-21,put,9.17,8.95,8.83,5,9.07,5,1,2421,2020-02-21,0.14071,-0.61685,0.02488,-0.06577,0.41609,-0.22936,2020-02-15/2020-02-21,1.2216383119235772
2020-03-31,340.0,call,2.46,2.42,2.4,662,2.44,5,2366,9329,2020-02-21,0.10992,0.31777,0.02976,-0.05926,0.38868,0.11064,2020-02-15/2020-02-21,put,10.09,9.53,9.39,5,9.66,5,32,2637,2020-02-21,0.13904,-0.64288,0.02462,-0.0628,0.40668,-0.23925,2020-02-15/2020-02-21,0.5582086179417277
2020-03-31,341.0,call,2.04,2.02,2.01,5,2.03,5,1046,10395,2020-02-21,0.10687,0.28348,0.02907,-0.05458,0.36914,0.09885,2020-02-15/2020-02-21,put,10.99,10.16,10.01,5,10.3,5,1,1821,2020-02-21,0.13812,-0.66784,0.02412,-0.06001,0.3958,-0.24882,2020-02-15/2020-02-21,0.725488184403925
2020-03-31,342.0,call,1.65,1.66,1.65,5,1.67,5,1091,24624,2020-02-21,0.10398,0.24965,0.02802,-0.04967,0.34614,0.08718,2020-02-15/2020-02-21,put,8.45,10.82,10.65,5,10.99,960,0,2636,2020-02-21,0.13721,-0.69232,0.02351,-0.05696,0.38331,-0.25825,2020-02-15/2020-02-21,1.9177772941403304
2020-03-31,344.0,call,1.08,1.08,1.07,86,1.09,5,1961,17783,2020-02-21,0.09879,0.18584,0.02486,-0.03959,0.29179,0.06507,2020-02-15/2020-02-21,put,9.88,12.28,12.07,5,12.48,5,0,532,2020-02-21,0.13721,-0.73645,0.02184,-0.05147,0.35605,-0.27553,2020-02-15/2020-02-21,1.4967340920513672
2020-03-31,345.0,call,0.85,0.85,0.85,5,0.86,5,3557,201724,2020-02-21,0.09635,0.15651,0.02283,-0.03452,0.26141,0.05486,2020-02-15/2020-02-21,put,13.5,13.07,12.84,5,13.3,10,7,1483,2020-02-21,0.13812,-0.75561,0.02085,-0.04913,0.34222,-0.2832,2020-02-15/2020-02-21,17.761605434728033
2020-03-31,346.0,call,0.68,0.68,0.67,5,0.68,5,748,42509,2020-02-21,0.09514,0.13235,0.02065,-0.03036,0.23348,0.04643,2020-02-15/2020-02-21,put,14.53,13.91,13.66,5,14.15,5,5,153,2020-02-21,0.1401,-0.77187,0.01979,-0.04744,0.32949,-0.2899,2020-02-15/2020-02-21,3.728165290793909
2020-03-31,350.0,call,0.25,0.26,0.25,5,0.26,1973,3609,29864,2020-02-21,0.09148,0.06111,0.01212,-0.01632,0.13172,0.0215,2020-02-15/2020-02-21,put,17.71,17.52,17.28,5,17.75,5,26,7692,2020-02-21,0.15215,-0.81948,0.01585,-0.04331,0.28655,-0.31072,2020-02-15/2020-02-21,1.9341319382577824
2020-03-31,351.0,call,0.22,0.2,0.19,1275,0.2,221,27,7060,2020-02-21,0.09071,0.04896,0.01026,-0.01356,0.11056,0.01723,2020-02-15/2020-02-21,put,16.85,18.46,18.23,5,18.7,5,0,141,2020-02-21,0.15596,-0.82787,0.015,-0.04284,0.27805,-0.31471,2020-02-15/2020-02-21,0.5783852712822797
2020-04-17,315.0,call,21.11,21.5,21.38,510,21.62,5,37,3028,2020-02-21,0.17181,0.82038,0.01168,-0.06342,0.3423,0.38676,2020-02-15/2020-02-21,put,3.16,3.18,3.17,5,3.19,5,1492,31262,2020-02-21,0.19742,-0.20976,0.01117,-0.06315,0.3762,-0.1122,2020-02-15/2020-02-21,-2.5461517105698044
2020-04-17,316.0,call,20.08,20.68,20.65,1,20.71,5,291,3542,2020-02-21,0.17105,0.80875,0.01219,-0.06513,0.3559,0.38206,2020-02-15/2020-02-21,put,3.32,3.33,3.32,5,3.34,131,858,26859,2020-02-21,0.19513,-0.21936,0.0116,-0.06396,0.38612,-0.11734,2020-02-15/2020-02-21,-2.109109400105073
2020-04-17,318.0,call,18.68,18.98,18.95,1,19.0,42,233,2272,2020-02-21,0.16708,0.78699,0.01332,-0.06717,0.3796,0.37354,2020-02-15/2020-02-21,put,3.6,3.65,3.63,5,3.66,230,1160,8431,2020-02-21,0.19056,-0.23991,0.01249,-0.06545,0.40599,-0.12835,2020-02-15/2020-02-21,-0.5840388361526919
2020-04-17,320.0,call,17.39,17.3,17.27,1,17.33,5,444,8633,2020-02-21,0.16266,0.76347,0.01451,-0.06878,0.40284,0.36408,2020-02-15/2020-02-21,put,3.97,3.99,3.98,5,4.0,5,4480,31687,2020-02-21,0.18553,-0.2619,0.01343,-0.0665,0.42529,-0.14012,2020-02-15/2020-02-21,-2.0857329250893675
2020-04-17,322.0,call,15.7,15.66,15.63,1,15.69,5,20,7325,2020-02-21,0.15824,0.73738,0.01577,-0.07014,0.42588,0.35325,2020-02-15/2020-02-21,put,4.46,4.38,4.37,5,4.39,5,1401,12952,2020-02-21,0.1808,-0.28628,0.01441,-0.06742,0.44441,-0.15319,2020-02-15/2020-02-21,-0.5367525825087552
2020-04-17,324.0,call,14.1,14.06,14.03,10,14.09,95,52,4645,2020-02-21,0.15382,0.7085,0.01708,-0.07118,0.44821,0.34092,2020-02-15/2020-02-21,put,4.87,4.8,4.79,5,4.81,79,3389,15613,2020-02-21,0.17577,-0.31259,0.01542,-0.06786,0.4625,-0.1673,2020-02-15/2020-02-21,-1.0114816815919625
2020-04-17,325.0,call,13.32,13.27,13.24,20,13.3,5,270,8821,2020-02-21,0.15138,0.69319,0.01776,-0.07144,0.45874,0.3343,2020-02-15/2020-02-21,put,5.02,5.03,5.01,5,5.04,92,18438,54007,2020-02-21,0.17333,-0.3267,0.01593,-0.06798,0.47113,-0.17487,2020-02-15/2020-02-21,-4.052912183825473
2020-04-17,330.0,call,9.58,9.54,9.52,145,9.57,5,296,11939,2020-02-21,0.13904,0.60425,0.02121,-0.07078,0.50321,0.29452,2020-02-15/2020-02-21,put,6.23,6.35,6.33,5,6.37,162,6585,28391,2020-02-21,0.16068,-0.40646,0.01848,-0.06655,0.50672,-0.21771,2020-02-15/2020-02-21,-1.498921183440363
2020-04-17,332.0,call,8.06,8.16,8.14,40,8.18,5,366,4348,2020-02-21,0.13401,0.56244,0.02251,-0.06935,0.51471,0.27525,2020-02-15/2020-02-21,put,7.11,6.99,6.97,5,7.01,150,1208,14031,2020-02-21,0.15565,-0.44307,0.01942,-0.06498,0.51579,-0.23742,2020-02-15/2020-02-21,-0.8972658245760626
2020-04-17,334.0,call,6.82,6.85,6.83,148,6.87,36,1868,4200,2020-02-21,0.12867,0.5169,0.02371,-0.06698,0.52064,0.25396,2020-02-15/2020-02-21,put,7.74,7.7,7.65,528,7.74,5,1381,12527,2020-02-21,0.15062,-0.48238,0.02026,-0.06272,0.5206,-0.25862,2020-02-15/2020-02-21,-0.7767392081452764
2020-04-17,340.0,call,3.57,3.55,3.54,60,3.57,5,4971,31522,2020-02-21,0.11358,0.35999,0.02522,-0.0546,0.48867,0.17874,2020-02-15/2020-02-21,put,10.63,10.49,10.38,5,10.6,5,1427,20654,2020-02-21,0.13873,-0.612,0.02114,-0.0527,0.50043,-0.32922,2020-02-15/2020-02-21,0.929387932259547
2020-04-17,342.0,call,2.72,2.71,2.7,5,2.72,5,2301,12864,2020-02-21,0.10916,0.30434,0.02454,-0.04883,0.4571,0.15156,2020-02-15/2020-02-21,put,12.05,11.68,11.55,5,11.8,5,19,512,2020-02-21,0.13645,-0.65541,0.02066,-0.04864,0.48105,-0.35326,2020-02-15/2020-02-21,1.0612916924242126
2020-04-17,343.0,call,2.35,2.34,2.33,443,2.35,5,5776,9595,2020-02-21,0.10718,0.27701,0.02392,-0.04575,0.43741,0.13813,2020-02-15/2020-02-21,put,12.82,12.32,12.18,5,12.47,5,15,262,2020-02-21,0.13553,-0.67653,0.02029,-0.04648,0.46922,-0.36504,2020-02-15/2020-02-21,0.7929510913884137
2020-04-17,344.0,call,2.01,2.01,2.0,40,2.02,5,4608,11201,2020-02-21,0.1052,0.25005,0.02313,-0.04251,0.41513,0.12485,2020-02-15/2020-02-21,put,12.73,13.0,12.85,5,13.16,5,206,253,2020-02-21,0.13492,-0.69687,0.01982,-0.04434,0.45629,-0.37649,2020-02-15/2020-02-21,0.9364986470932217
2020-04-17,345.0,call,1.72,1.71,1.7,213,1.72,5,5202,25215,2020-02-21,0.10337,0.22402,0.02216,-0.03923,0.39078,0.11199,2020-02-15/2020-02-21,put,14.08,13.74,13.56,5,13.92,5,87,1306,2020-02-21,0.13538,-0.71506,0.0192,-0.04268,0.44342,-0.38694,2020-02-15/2020-02-21,2.0885233340839444
2020-04-17,346.0,call,1.45,1.45,1.44,232,1.46,5,3928,188476,2020-02-21,0.10169,0.19919,0.02103,-0.03593,0.3648,0.09969,2020-02-15/2020-02-21,put,14.2,14.49,14.29,5,14.7,5,2,228,2020-02-21,0.13568,-0.7328,0.01856,-0.04084,0.42964,-0.39716,2020-02-15/2020-02-21,16.695620397224776
2020-04-17,347.0,call,1.27,1.22,1.21,955,1.23,5,1471,7005,2020-02-21,0.10017,0.17579,0.01976,-0.03268,0.33767,0.08807,2020-02-15/2020-02-21,put,15.92,15.28,15.06,5,15.5,10,31,235,2020-02-21,0.13645,-0.74906,0.01787,-0.03919,0.41592,-0.40669,2020-02-15/2020-02-21,0.5651415649045606
2020-04-17,349.0,call,0.85,0.85,0.85,538,0.86,5,804,11663,2020-02-21,0.09773,0.13439,0.01696,-0.02657,0.28272,0.06745,2020-02-15/2020-02-21,put,15.33,16.95,16.69,5,17.2,5,4,80,2020-02-21,0.13919,-0.77716,0.01641,-0.03647,0.38961,-0.42363,2020-02-15/2020-02-21,0.9929399460855146
2020-04-17,350.0,call,0.73,0.72,0.71,492,0.73,1305,2927,41597,2020-02-21,0.09727,0.11774,0.01553,-0.02406,0.25781,0.05913,2020-02-15/2020-02-21,put,17.67,17.82,17.55,5,18.09,5,16,1562,2020-02-21,0.14117,-0.78899,0.01567,-0.03542,0.37752,-0.43102,2020-02-15/2020-02-21,3.521865676681922
2020-04-17,352.0,call,0.49,0.51,0.5,5,0.51,1596,257,25462,2020-02-21,0.09651,0.08903,0.01278,-0.01939,0.21041,0.04477,2020-02-15/2020-02-21,put,20.59,19.64,19.35,5,19.93,10,1,11,2020-02-21,0.14651,-0.8081,0.01427,-0.03414,0.35664,-0.44359,2020-02-15/2020-02-21,2.225582362503024
2020-05-15,315.0,call,23.57,23.02,22.98,53,23.06,5,115,1040,2020-02-21,0.16785,0.78624,0.01084,-0.0569,0.46587,0.55043,2020-02-15/2020-02-21,put,4.85,4.46,4.45,5,4.48,5,1012,8198,2020-02-21,0.18995,-0.23851,0.0102,-0.0524,0.49564,-0.19331,2020-02-15/2020-02-21,-0.6728338876382048
2020-05-15,320.0,call,19.04,18.95,18.92,41,18.99,5,241,938,2020-02-21,0.15977,0.73372,0.01285,-0.05973,0.52528,0.51949,2020-02-15/2020-02-21,put,5.35,5.4,5.38,5,5.42,5,1329,6752,2020-02-21,0.18004,-0.28671,0.01182,-0.054,0.54468,-0.23246,2020-02-15/2020-02-21,-0.5533738784324698
2020-05-15,323.0,call,16.62,16.61,16.57,92,16.64,5,88,2326,2020-02-21,0.15458,0.69731,0.01412,-0.06073,0.55847,0.49693,2020-02-15/2020-02-21,put,6.49,6.06,6.04,5,6.08,5,6213,7114,2020-02-21,0.1741,-0.32003,0.01284,-0.05441,0.57213,-0.25956,2020-02-15/2020-02-21,-0.4621789606905918
2020-05-15,326.0,call,13.93,14.35,14.31,124,14.38,5,83,2218,2020-02-21,0.1491,0.65681,0.01542,-0.06107,0.58826,0.47105,2020-02-15/2020-02-21,put,7.16,6.8,6.78,5,6.82,5,264,50936,2020-02-21,0.16785,-0.35675,0.01389,-0.05416,0.59662,-0.28944,2020-02-15/2020-02-21,-4.366850243732212
2020-05-15,327.0,call,13.34,13.62,13.58,124,13.65,5,25,2814,2020-02-21,0.14727,0.64227,0.01584,-0.06103,0.59719,0.46157,2020-02-15/2020-02-21,put,7.47,7.07,7.05,5,7.09,5,315,52182,2020-02-21,0.16587,-0.36991,0.01423,-0.05398,0.60398,-0.30017,2020-02-15/2020-02-21,-4.424624801755819
2020-05-15,330.0,call,11.5,11.49,11.46,184,11.52,5,371,7970,2020-02-21,0.14132,0.59571,0.01714,-0.06024,0.61977,0.43075,2020-02-15/2020-02-21,put,7.9,7.95,7.93,5,7.97,5,1961,19014,2020-02-21,0.15962,-0.41186,0.01524,-0.05286,0.62258,-0.33437,2020-02-15/2020-02-21,-1.0182368606839534
2020-05-15,341.0,call,4.95,4.96,4.94,5,4.98,5,1685,5403,2020-02-21,0.11952,0.3833,0.01996,-0.04877,0.61072,0.28275,2020-02-15/2020-02-21,put,12.55,12.5,12.4,5,12.61,5,32,532,2020-02-21,0.13995,-0.59655,0.01729,-0.04245,0.61944,-0.4866,2020-02-15/2020-02-21,0.3963509715402073
2020-05-15,343.0,call,4.04,4.06,4.04,5,4.08,373,673,12486,2020-02-21,0.11587,0.33973,0.01976,-0.04514,0.586,0.25138,2020-02-15/2020-02-21,put,13.29,13.63,13.52,5,13.75,5,27,251,2020-02-21,0.13751,-0.63254,0.01712,-0.03961,0.60267,-0.51681,2020-02-15/2020-02-21,1.0508922719799634
2020-05-15,345.0,call,3.15,3.25,3.24,5,3.27,5,2334,9900,2020-02-21,0.11206,0.29555,0.01926,-0.04097,0.55245,0.21934,2020-02-15/2020-02-21,put,15.34,14.87,14.73,5,15.01,5,20,117,2020-02-21,0.13584,-0.66742,0.01672,-0.03671,0.58117,-0.54644,2020-02-15/2020-02-21,0.8329488623278338
2020-05-15,347.0,call,2.55,2.57,2.56,5,2.58,5,1419,7237,2020-02-21,0.10885,0.25293,0.01836,-0.03668,0.51151,0.1882,2020-02-15/2020-02-21,put,16.57,16.23,16.07,5,16.38,5,236,273,2020-02-21,0.13492,-0.70037,0.0161,-0.03383,0.55592,-0.57485,2020-02-15/2020-02-21,0.5823850483762217
2020-05-15,348.0,call,2.3,2.27,2.26,5,2.28,5,3427,9328,2020-02-21,0.10733,0.23227,0.01778,-0.03446,0.48845,0.17304,2020-02-15/2020-02-21,put,15.96,16.96,16.79,5,17.14,5,167,2576,2020-02-21,0.13507,-0.71539,0.0157,-0.03258,0.54277,-0.58807,2020-02-15/2020-02-21,0.5635416540669838
2020-05-15,350.0,call,1.74,1.75,1.75,57,1.76,5,1436,14033,2020-02-21,0.10474,0.19358,0.01638,-0.03009,0.43912,0.14453,2020-02-15/2020-02-21,put,18.35,18.5,18.28,5,18.71,5,214,2236,2020-02-21,0.13584,-0.74331,0.01483,-0.03015,0.51548,-0.61304,2020-02-15/2020-02-21,1.0119611082655944
2020-05-15,351.0,call,1.47,1.54,1.53,219,1.55,5,1343,14721,2020-02-21,0.10382,0.17615,0.01558,-0.02807,0.41411,0.13164,2020-02-15/2020-02-21,put,19.64,19.3,19.07,5,19.53,5,23,343,2020-02-21,0.13645,-0.75615,0.01437,-0.02899,0.50164,-0.62473,2020-02-15/2020-02-21,1.2413705455870245
2020-05-15,352.0,call,1.4,1.35,1.34,5,1.35,5,318,18452,2020-02-21,0.10291,0.15951,0.01475,-0.02604,0.38847,0.11931,2020-02-15/2020-02-21,put,20.09,20.13,19.89,5,20.38,5,5,1,2020-02-21,0.13751,-0.76767,0.01388,-0.02803,0.48851,-0.63548,2020-02-15/2020-02-21,1.6033948145564878
2020-05-15,353.0,call,1.14,1.17,1.17,5,1.18,5,1142,5861,2020-02-21,0.10184,0.14333,0.01388,-0.02395,0.36179,0.1073,2020-02-15/2020-02-21,put,19.86,20.99,20.73,5,21.25,5,37,0,2020-02-21,0.13904,-0.77786,0.01339,-0.02728,0.47632,-0.64529,2020-02-15/2020-02-21,0.4843460676069318
2020-06-19,315.0,call,24.81,24.84,24.7,10,24.98,5,201,23763,2020-02-21,0.16647,0.7585,0.00984,-0.05142,0.59396,0.74369,2020-02-15/2020-02-21,put,6.34,6.15,6.14,5,6.17,5,395,15615,2020-02-21,0.18965,-0.26494,0.00907,-0.0456,0.62361,-0.30811,2020-02-15/2020-02-21,0.6876236279146073
2020-06-19,317.0,call,23.71,23.24,23.11,5,23.38,5,7,13207,2020-02-21,0.16373,0.7402,0.0104,-0.05215,0.61739,0.72899,2020-02-15/2020-02-21,put,6.68,6.55,6.54,105,6.57,5,733,3256,2020-02-21,0.18614,-0.28148,0.00952,-0.04591,0.64261,-0.32738,2020-02-15/2020-02-21,0.8478813634785507
2020-06-19,319.0,call,22.14,21.65,21.53,5,21.76,610,7,13762,2020-02-21,0.16053,0.72117,0.01099,-0.05262,0.63967,0.7135,2020-02-15/2020-02-21,put,7.1,6.98,6.97,96,6.99,10,153,4756,2020-02-21,0.18279,-0.29914,0.00998,-0.04616,0.66119,-0.34799,2020-02-15/2020-02-21,0.7638860445057684
2020-06-19,320.0,call,20.79,20.87,20.75,5,20.98,5,552,28992,2020-02-21,0.15901,0.7111,0.01129,-0.05283,0.65063,0.70509,2020-02-15/2020-02-21,put,7.18,7.21,7.2,65,7.22,5,7257,18271,2020-02-21,0.18111,-0.30835,0.01021,-0.04624,0.6702,-0.35875,2020-02-15/2020-02-21,0.9163219937526698
2020-06-19,325.0,call,16.95,17.09,16.99,5,17.19,5,130,20426,2020-02-21,0.15108,0.65595,0.01279,-0.05322,0.70083,0.65745,2020-02-15/2020-02-21,put,8.44,8.48,8.46,90,8.49,41,590,27485,2020-02-21,0.17288,-0.3585,0.01135,-0.04613,0.71134,-0.41742,2020-02-15/2020-02-21,-0.6640343780315323
2020-06-19,329.0,call,13.96,14.2,14.14,5,14.26,5,24,12406,2020-02-21,0.14407,0.60572,0.01403,-0.05249,0.73281,0.61225,2020-02-15/2020-02-21,put,9.61,9.66,9.65,50,9.67,34,829,2267,2020-02-21,0.16617,-0.40351,0.01224,-0.04524,0.73731,-0.47019,2020-02-15/2020-02-21,0.8645915433376863
2020-06-19,331.0,call,13.01,12.86,12.78,5,12.93,5,9,11653,2020-02-21,0.14102,0.57806,0.01457,-0.05193,0.74505,0.58655,2020-02-15/2020-02-21,put,10.69,10.34,10.31,50,10.36,159,272,6414,2020-02-21,0.16327,-0.42782,0.01262,-0.04463,0.74717,-0.49886,2020-02-15/2020-02-21,0.429060259775111
2020-06-19,332.0,call,12.05,12.18,12.12,5,12.24,5,95,15361,2020-02-21,0.13904,0.5638,0.01488,-0.05142,0.7499,0.57328,2020-02-15/2020-02-21,put,11.25,10.69,10.66,50,10.71,155,66,6823,2020-02-21,0.1616,-0.44032,0.01282,-0.04418,0.75112,-0.51357,2020-02-15/2020-02-21,0.7222883627287714
2020-06-19,335.0,call,10.25,10.27,10.21,5,10.33,5,10454,23780,2020-02-21,0.13401,0.5184,0.01562,-0.04976,0.75883,0.53013,2020-02-15/2020-02-21,put,11.95,11.79,11.7,5,11.88,5,10321,11363,2020-02-21,0.15657,-0.47948,0.01336,-0.04247,0.75863,-0.55974,2020-02-15/2020-02-21,1.0670691482265733
2020-06-19,337.0,call,9.1,9.05,9.03,5,9.08,5,756,11785,2020-02-21,0.1302,0.48613,0.01608,-0.04816,0.75918,0.49904,2020-02-15/2020-02-21,put,12.6,12.62,12.53,5,12.72,5,46,2224,2020-02-21,0.15367,-0.50682,0.01363,-0.04118,0.75953,-0.59216,2020-02-15/2020-02-21,0.8132166286643866
2020-06-19,340.0,call,7.51,7.38,7.35,5,7.41,5,581,40861,2020-02-21,0.12516,0.43521,0.01652,-0.04538,0.7496,0.44913,2020-02-15/2020-02-21,put,14.45,14.0,13.88,5,14.12,5,1601,31676,2020-02-21,0.14971,-0.54915,0.01389,-0.03889,0.75387,-0.64268,2020-02-15/2020-02-21,0.7797962689461154
2020-06-19,342.0,call,6.32,6.35,6.32,5,6.38,5,535,5571,2020-02-21,0.12181,0.3998,0.01665,-0.04314,0.73555,0.41397,2020-02-15/2020-02-21,put,15.2,15.01,14.88,687,15.14,5,180,647,2020-02-21,0.14742,-0.57786,0.01394,-0.03716,0.74512,-0.67721,2020-02-15/2020-02-21,0.40106182011751684
2020-06-19,343.0,call,5.82,5.89,5.85,5,5.93,5,38,5526,2020-02-21,0.12044,0.38208,0.01663,-0.04201,0.72621,0.39622,2020-02-15/2020-02-21,put,15.34,15.55,15.42,5,15.68,5,4,511,2020-02-21,0.14635,-0.59228,0.01393,-0.03623,0.73923,-0.69463,2020-02-15/2020-02-21,0.4091502582408218
2020-06-19,344.0,call,5.37,5.42,5.4,5,5.44,5,97,11525,2020-02-21,0.11876,0.36387,0.0166,-0.0407,0.71497,0.37794,2020-02-15/2020-02-21,put,15.54,16.11,15.97,5,16.25,5,8,138,2020-02-21,0.14544,-0.60659,0.01389,-0.0353,0.73236,-0.71202,2020-02-15/2020-02-21,0.9755186947430116
2020-06-19,345.0,call,5.08,4.97,4.94,5,5.0,5,343,14709,2020-02-21,0.11709,0.34549,0.01653,-0.0393,0.70193,0.35942,2020-02-15/2020-02-21,put,17.07,16.69,16.53,5,16.84,5,17,1478,2020-02-21,0.14468,-0.62075,0.01381,-0.03436,0.72457,-0.72932,2020-02-15/2020-02-21,1.1394206716592135
2020-06-19,348.0,call,3.94,3.8,3.77,5,3.84,5,47,4802,2020-02-21,0.11282,0.29135,0.01597,-0.035,0.65321,0.30437,2020-02-15/2020-02-21,put,17.91,18.58,18.41,5,18.75,5,5,16,2020-02-21,0.143,-0.66205,0.01343,-0.03146,0.69607,-0.78037,2020-02-15/2020-02-21,0.388795837029428
2020-06-19,349.0,call,3.51,3.46,3.43,5,3.5,5,26,22494,2020-02-21,0.1116,0.27386,0.01567,-0.03353,0.63406,0.28646,2020-02-15/2020-02-21,put,17.79,19.23,19.04,5,19.43,5,0,33,2020-02-21,0.14239,-0.67562,0.01326,-0.03038,0.68479,-0.79725,2020-02-15/2020-02-21,1.959819395594432
2020-06-19,350.0,call,3.18,3.13,3.1,5,3.17,5,643,17304,2020-02-21,0.11007,0.25594,0.01535,-0.03189,0.61262,0.26808,2020-02-15/2020-02-21,put,20.34,19.91,19.74,5,20.09,5,27,1068,2020-02-21,0.14193,-0.68883,0.01308,-0.02932,0.67287,-0.81381,2020-02-15/2020-02-21,1.4065168975991194
2020-06-30,325.0,call,17.66,17.37,17.27,5,17.47,5,6,13818,2020-02-21,0.14712,0.65593,0.01257,-0.05017,0.73253,0.71719,2020-02-15/2020-02-21,put,9.25,8.96,8.93,5,8.99,5,29,717,2020-02-21,0.17272,-0.36092,0.01089,-0.04391,0.74522,-0.4606,2020-02-15/2020-02-21,1.1278657600544921
2020-06-30,340.0,call,7.49,7.69,7.64,5,7.73,5,253,8592,2020-02-21,0.12288,0.44013,0.01613,-0.04312,0.78501,0.49538,2020-02-15/2020-02-21,put,14.8,14.46,14.36,5,14.57,5,611,2980,2020-02-21,0.15032,-0.5431,0.01326,-0.03717,0.78933,-0.69657,2020-02-15/2020-02-21,0.46221396768711925
2020-07-17,320.0,call,21.48,21.81,21.68,999,21.95,1200,6,14,2020-02-21,0.15245,0.70562,0.01068,-0.04707,0.7295,0.85984,2020-02-15/2020-02-21,put,8.38,8.45,8.4,60,8.49,1554,58,5262,2020-02-21,0.18126,-0.31863,0.00931,-0.04161,0.75546,-0.46195,2020-02-15/2020-02-21,-0.5030655709842213
2020-09-18,340.0,call,10.94,11.08,10.99,1804,11.17,782,26,15499,2020-02-21,0.12547,0.47594,0.01255,-0.03648,1.00728,0.84944,2020-02-15/2020-02-21,put,18.32,17.75,17.62,1200,17.88,1023,7,3010,2020-02-21,0.15748,-0.51048,0.01001,-0.02969,1.00877,-1.08153,2020-02-15/2020-02-21,1.0734687915768806
2020-09-18,350.0,call,6.1,6.19,6.1,1200,6.28,997,37,18293,2020-02-21,0.11343,0.33969,0.01277,-0.02966,0.92651,0.61615,2020-02-15/2020-02-21,put,23.25,22.93,22.73,1105,23.13,1105,2,2230,2020-02-21,0.1491,-0.61432,0.01014,-0.02448,0.9674,-1.31059,2020-02-15/2020-02-21,1.3911399767712977
2020-10-16,320.0,call,25.35,25.2,24.99,300,25.41,300,1,249,2020-02-21,0.14712,0.68916,0.00892,-0.03825,0.95114,1.3342,2020-02-15/2020-02-21,put,12.31,12.0,11.86,1263,12.13,1200,37,5454,2020-02-21,0.18385,-0.33667,0.00737,-0.03259,0.98295,-0.81036,2020-02-15/2020-02-21,-0.49924356176112117
2021-01-15,315.0,call,31.65,31.76,31.42,10,32.1,300,14,4953,2020-02-21,0.14788,0.71827,0.00721,-0.03302,1.06896,1.8728,2020-02-15/2020-02-21,put,14.0,13.81,13.62,800,14.01,2043,6,12343,2020-02-21,0.19315,-0.31553,0.00581,-0.02789,1.12551,-1.07288,2020-02-15/2020-02-21,-0.6934549606558614
2021-01-15,320.0,call,27.7,28.18,27.87,10,28.49,300,13,4239,2020-02-21,0.14452,0.68193,0.0078,-0.03343,1.12934,1.79581,2020-02-15/2020-02-21,put,15.45,15.21,15.01,800,15.42,2042,128,15066,2020-02-21,0.18827,-0.34462,0.00618,-0.02773,1.16602,-1.17296,2020-02-15/2020-02-21,-0.9989490466976109
2021-01-15,325.0,call,24.48,24.72,24.44,10,25.0,300,12,6024,2020-02-21,0.14071,0.64289,0.00837,-0.03347,1.18116,1.70962,2020-02-15/2020-02-21,put,16.91,16.73,16.51,800,16.95,1200,42,14782,2020-02-21,0.1834,-0.3757,0.00653,-0.02733,1.20127,-1.28019,2020-02-15/2020-02-21,-0.8150481843116989
2021-01-15,330.0,call,21.2,21.39,21.13,10,21.66,800,181,6466,2020-02-21,0.13645,0.6009,0.00894,-0.0331,1.22246,1.61342,2020-02-15/2020-02-21,put,18.5,18.4,18.16,800,18.64,2040,69,12180,2020-02-21,0.17852,-0.40879,0.00687,-0.02667,1.22992,-1.3947,2020-02-15/2020-02-21,-0.5444854848903764
2021-01-15,345.0,call,12.42,12.54,12.32,10,12.75,800,36,8808,2020-02-21,0.12273,0.45581,0.0102,-0.02945,1.25533,1.25701,2020-02-15/2020-02-21,put,25.0,24.48,24.14,300,24.82,1240,2,2253,2020-02-21,0.1648,-0.51907,0.00764,-0.02305,1.26164,-1.78098,2020-02-15/2020-02-21,0.5460315187890598
2021-01-15,350.0,call,10.17,10.02,9.83,800,10.21,14,60,5889,2020-02-21,0.1177,0.40153,0.01038,-0.02726,1.22441,1.11657,2020-02-15/2020-02-21,put,24.5,26.98,26.59,300,27.36,1240,0,604,2020-02-21,0.16114,-0.55822,0.00774,-0.02138,1.24961,-1.92116,2020-02-15/2020-02-21,0.4331489208044739
2021-03-19,331.0,call,21.58,22.55,22.23,800,22.86,1551,0,583,2020-02-21,0.13401,0.59692,0.00836,-0.03051,1.33783,1.89573,2020-02-15/2020-02-21,put,21.0,20.62,20.34,800,20.9,1200,3,6042,2020-02-21,0.17958,-0.41125,0.00627,-0.02397,1.34446,-1.69422,2020-02-15/2020-02-21,-0.5218200813580384
2021-12-17,320.0,call,36.25,35.75,35.15,1229,36.34,1200,2,844,2020-02-21,0.13111,0.68592,0.00601,-0.0241,1.59703,3.51611,2020-02-15/2020-02-21,put,24.36,23.9,23.49,1433,24.31,1993,7,27121,2020-02-21,0.19666,-0.34583,0.00417,-0.01852,1.65992,-2.53677,2020-02-15/2020-02-21,-2.372205848951037
2022-12-16,330.0,call,35.55,36.22,35.17,340,37.27,340,118,2724,2020-02-21,0.12135,0.64504,0.00548,-0.02004,2.08447,5.0433,2020-02-15/2020-02-21,put,34.15,35.23,34.35,340,36.12,340,0,8501,2020-02-21,0.20138,-0.37001,0.00335,-0.01382,2.11413,-4.47138,2020-02-15/2020-02-21,-0.5500851728218953
